P. Name,P. Zone Class,P. Mass Class,P. Composition Class,P. Atmosphere Class,P. Density (EU),P. Gravity (EU),P. Esc Vel (EU),P. SFlux Min (EU),P. SFlux Mean (EU),P. SFlux Max (EU),P. Teq Max (K),P. Mag,P. Appar Size (deg),P. Eccentricity,P. Mean Distance (AU),P. Omega (deg),S. Mass (SU),S. Teff (K),S. [Fe/H],S. Age (Gyrs),S. Appar Mag,S. Distance (pc),S. RA (hrs),S. DEC (deg),S. Mag from Planet,S. Size from Planet (deg),S. No. Planets,S. No. Planets HZ,S. Hab Zone Max (AU),P. HZD,P. HZC,P. HZA,P. HZI,P. SPH,P. ESI,S. HabCat,P. Habitable,P. Hab Moon,P. Confirmed,P. Habitable Class
GJ 163 c,Warm,Superterran,rocky-iron,metals-rich,1.19,2.17,1.99,0.5515569,0.6630019,0.804139,241.3,-18.05,3.48,0.09,0.12,235.4,0.4,3840.0,-0.06027140851661208,3.0,11.8,15.0,4.1544,-53.3736,-26.3,0.9881,3,1,0.212,-0.34,-0.14,0.81,0.53,0.08,0.73,0,1,0,1,psychroplanet
GJ 667 C e,Warm,Terran,rocky-iron,metals-rich,0.99,1.39,1.39,0.290249,0.3020295,0.3144201,190.8,-16.59,2.65,0.02,0.21,28.6,0.33,3350.0,-0.55,2.0,10.2,6.8,17.3158,-34.9897,-25.4,0.8714,6,3,0.251,0.51,-0.16,0.23,0.63,0.0,0.6,0,1,0,0,psychroplanet
GJ 667 C f,Warm,Terran,rocky-iron,metals-rich,0.99,1.39,1.39,0.5306531,0.5632069000000001,0.5983137,224.1,-17.28,2.65,0.03,0.16,103.0,0.33,3350.0,-0.55,2.0,10.2,6.8,17.3158,-34.9897,-26.1,1.19,6,3,0.251,-0.22,-0.16,0.08,0.78,0.0,0.77,0,1,0,0,psychroplanet
GJ 682 c,Warm,Superterran,rocky-iron,hydrogen-rich,1.24,2.37,2.13,0.3020603,0.3673006,0.45118450000000004,208.8,-17.51,3.64,0.1,0.18,320.9,0.27,3028.0,-0.06027140851661208,4.184758828596038,13.4,5.08,17.6177,-43.6808,-25.6,1.1831,2,1,0.232,0.23,-0.14,1.19,0.45,0.0,0.59,0,1,0,0,psychroplanet
GJ 3293 d,Warm,Superterran,rocky-iron,metals-rich,1.2,2.22,2.03,0.44768679999999994,0.5656049,0.7251003,235.1,-17.91,3.52,0.12,0.19,322.0,0.42,3466.0,0.02,4.184758828596038,12.0,17.9,4.4767,-25.1692,-26.1,1.1179,4,2,0.309,-0.21,-0.14,0.91,0.52,0.0,0.7,0,1,0,1,psychroplanet
HD 40307 g,Warm,Superterran,rocky-iron,metals-rich,1.18,2.15,1.98,0.3895282,0.6771687,1.285592,271.3,-18.1,3.45,0.29,0.57,91.2,0.77,4977.0,-0.31,1.2,7.2,12.8,5.9011,-60.0233,-26.4,0.6042,6,1,0.917,-0.15,-0.14,0.77,0.56,0.04,0.74,1,1,0,0,psychroplanet
Kapteyn b,Warm,Terran,rocky-iron,metals-rich,1.09,1.79,1.71,0.2900587,0.4342851,0.6803408000000001,231.4,-17.37,3.11,0.21,0.16,80.4,0.28,3550.0,-0.86,8.0,8.8,3.91,5.1947,-45.0183,-25.8,0.9409,2,1,0.232,0.12,-0.15,0.57,0.63,0.0,0.67,0,1,0,0,psychroplanet
Kepler-62 f,Warm,Terran,rocky-iron,metals-rich,1.0,1.41,1.41,0.388223,0.388223,0.388223,201.1,-16.89,2.68,0.0,0.72,0.0,0.69,4869.0,-0.21,7.0,14.0,368.0,18.8808,45.3499,-25.7,0.4676,5,2,0.857,0.45,-0.16,0.19,0.66,0.0,0.67,0,1,0,1,psychroplanet
Kepler-150 f,Warm,Superterran,gas,metals-rich,0.19,0.68,1.57,0.4927213,0.4927213,0.4927214,213.4,-19.22,6.92,0.0,1.24,0.0,0.63,5560.0,-0.136,4.184758828596038,13.4,973.0,19.2156,40.5209,-26.0,0.404,5,1,1.569,0.28,2.88,0.35,0.26,0.0,0.53,0,0,0,1,psychroplanet
Kepler-174 d,Warm,Superterran,rocky-iron,hydrogen-rich,1.42,3.1,2.6,0.42675159999999995,0.42675159999999995,0.42675169999999996,205.9,-17.95,4.15,0.0,0.68,0.0,0.68,4880.0,-0.556,4.184758828596038,13.4,360.0,19.1626,43.8321,-25.8,0.488,3,1,0.846,0.32,-0.13,1.77,0.36,0.0,0.61,0,1,0,1,psychroplanet
Kepler-296 f,Warm,Superterran,rocky-iron,metals-rich,1.15,2.01,1.87,0.2687829,0.3395788,0.4353369000000001,206.9,-17.22,3.33,0.12,0.28,0.0,0.45,3572.0,-0.12,4.2,10.1,226.0,19.1027,49.4373,-25.6,0.8155,5,2,0.34700000000000003,0.4,-0.14,0.86,0.51,0.0,0.6,0,1,0,1,psychroplanet
Kepler-442 b,Warm,Terran,rocky-iron,metals-rich,0.97,1.3,1.32,0.6466799,0.6999820999999999,0.7589214,237.8,-17.42,2.55,0.04,0.41,0.0,0.61,4402.0,-0.37,2.9,7.7,342.0,19.0244,39.2801,-26.3,0.7685,1,1,0.6809999999999999,-0.34,-0.16,-0.06,0.73,0.04,0.84,0,1,0,1,psychroplanet
Kepler-1229 b,Warm,Terran,rocky-iron,metals-rich,0.99,1.39,1.4,0.4901548,0.4901549,0.4901549,213.2,-17.13,2.66,0.0,0.31,0.0,0.54,3784.0,-0.06027140851661208,3.72,15.5,236.0,19.8324,46.9967,-26.0,0.8699,1,1,0.456,-0.03,-0.16,0.12,0.83,0.0,0.73,0,1,0,1,psychroplanet
Kepler-1652 b,Warm,Terran,rocky-iron,metals-rich,0.9,1.01,1.06,0.6504719,0.650472,0.6504722,228.8,-16.95,2.13,0.0,0.16,0.0,0.36,3482.0,-0.1,4.184758828596038,13.4,252.0,19.6244,49.9151,-26.3,1.1835,1,1,0.27,-0.35,-0.17,-0.37,0.65,0.0,0.85,0,1,0,1,psychroplanet
LHS 1140 b,Warm,Terran,rocky-iron,hydrogen-rich,2.26,3.23,2.15,0.23418049999999999,0.4071072,0.7728854000000001,238.9,-17.03,2.72,0.29,0.08,0.0,0.15,3131.0,-0.24,5.0,14.2,12.47,0.7497,-15.2714,-25.8,1.1837,1,1,0.118,0.18,-0.82,1.17,0.41,0.0,0.68,0,1,0,1,psychroplanet
Proxima Cen b,Warm,Terran,rocky-iron,metals-rich,0.9,1.01,1.07,0.6562118,0.6562118,0.6562119000000001,229.3,-16.96,2.13,0.0,0.05,0.0,0.12,3050.0,-0.06027140851661208,4.184758828596038,11.1,1.29,14.4953,-62.6794,-26.3,1.5493,1,1,0.086,-0.39,-0.17,-0.37,0.64,0.0,0.85,0,1,0,1,psychroplanet
TRAPPIST-1 e,Warm,Terran,rocky-iron,metals-rich,0.82,0.76,0.83,0.6544079,0.654408,0.6544082,229.1,-16.52,1.74,0.0,0.03,0.0,0.08,2550.0,0.04,0.5,18.8,12.1,23.1081,-5.0414,-26.3,2.2135,7,4,0.051,-0.42,-0.15,-0.67,0.56,0.0,0.85,0,1,0,1,psychroplanet
TRAPPIST-1 f,Warm,Terran,rocky-water,metals-rich,0.59,0.61,0.8,0.3772893,0.3772893,0.3772893,199.7,-16.2,1.98,0.0,0.04,0.0,0.08,2550.0,0.04,0.5,18.8,12.1,23.1081,-5.0414,-25.7,1.6807,7,4,0.051,0.14,0.27,-0.64,0.59,0.0,0.68,0,1,0,1,psychroplanet
GJ 422 b,Warm,Superterran,rocky-iron,hydrogen-rich,1.28,2.53,2.24,0.6164305999999999,0.6804333,0.7529996999999999,237.3,-18.25,3.76,0.05,0.12,246.4,0.35,3323.0,-0.06027140851661208,4.184758828596038,11.5,12.67,11.2667,-56.4523,-26.3,1.3345,1,1,0.21,-0.41,-0.13,1.11,0.46,0.17,0.71,0,1,0,0,mesoplanet
Kepler-438 b,Warm,Terran,rocky-iron,metals-rich,0.9,1.01,1.06,1.298292,1.3779370000000002,1.46383,280.2,-17.77,2.13,0.03,0.17,0.0,0.54,3748.0,0.16,4.4,9.6,145.0,18.7764,41.9511,-27.1,1.4871,1,1,0.407,-0.94,-0.17,-0.49,0.48,0.5,0.88,0,1,0,1,mesoplanet
Kepler-705 b,Warm,Superterran,rocky-iron,hydrogen-rich,1.36,2.86,2.46,0.832599,0.8325992,0.8325992,243.4,-18.6,4.0,0.0,0.23,0.0,0.53,3722.0,-0.06027140851661208,3.89,15.8,251.0,19.3006,41.8121,-26.5,1.1719,1,1,0.443,-0.56,-0.13,1.31,0.41,0.79,0.74,0,1,0,1,mesoplanet
GJ 273 b,Warm,Terran,rocky-iron,metals-rich,1.0,1.43,1.43,1.003524,1.220269,1.4989540000000001,281.9,-18.17,2.7,0.1,0.09,0.0,0.29,3382.0,0.09,4.184758828596038,9.9,3.8,7.4568,5.2258,-27.0,1.7227,2,1,0.215,-0.86,-0.16,-0.05,0.53,0.79,0.86,0,1,0,1,mesoplanet
Kepler-1638 b,Warm,Superterran,rocky-iron,metals-rich,1.21,2.26,2.06,1.3873799999999998,1.3873799999999998,1.387381,276.5,-18.9,3.56,0.0,0.79,0.0,0.97,5710.0,-0.06027140851661208,4.37,14.8,879.0,19.6988,48.5244,-27.1,0.6427,1,1,1.65,-0.81,-0.14,0.66,0.49,0.02,0.76,0,1,0,1,mesoplanet
Kepler-61 b,Warm,Superterran,rocky-iron,hydrogen-rich,1.39,2.99,2.54,0.7885342,1.272237,2.1899319999999998,309.9,-19.14,4.09,0.25,0.26,0.0,0.64,4017.0,0.03,1.0,15.0,326.0,19.6869,42.4753,-27.0,1.2639,1,1,0.614,-0.84,-0.13,1.24,0.4,0.27,0.73,0,1,0,1,mesoplanet
Kepler-443 b,Warm,Superterran,rocky-iron,hydrogen-rich,1.54,3.6,2.9,0.7188641,0.8910313,1.1180709999999998,262.0,-18.9,4.43,0.11,0.49,0.0,0.74,4723.0,-0.01,3.2,6.8,779.0,19.2407,49.9686,-26.6,0.7552,1,1,0.903,-0.53,-0.12,1.83,0.34,0.98,0.71,0,1,0,1,mesoplanet
Kepler-22 b,Warm,Superterran,rocky-iron,hydrogen-rich,1.57,3.68,2.94,1.1060290000000002,1.1060290000000002,1.1060290000000002,261.3,-19.15,4.47,0.0,0.85,0.0,0.97,5518.0,-0.29,9.9,12.0,190.0,19.2811,47.8844,-26.8,0.6145,1,1,1.615,-0.64,-0.12,1.79,0.34,0.53,0.71,0,1,0,1,mesoplanet
GJ 832 c,Warm,Superterran,rocky-iron,metals-rich,1.12,1.89,1.79,0.9315085999999999,0.9886534,1.0502799999999999,257.9,-18.31,3.21,0.03,0.16,80.0,0.45,3472.0,-0.31,4.184758828596038,8.7,4.94,21.5594,-49.0089,-26.7,1.4679,2,1,0.342,-0.71,-0.15,0.44,0.54,0.98,0.81,1,1,0,1,mesoplanet
TRAPPIST-1 d,Warm,Subterran,rocky-iron,metals-rich,0.9,0.69,0.73,1.129725,1.129725,1.129725,262.7,-16.74,1.47,0.0,0.02,0.0,0.08,2550.0,0.04,0.5,18.8,12.1,23.1081,-5.0414,-26.9,2.9085,7,4,0.051,-0.84,-0.29,-0.86,0.45,0.9,0.9,0,1,0,1,mesoplanet
K2-18 b,Warm,Superterran,rocky-iron,hydrogen-rich,1.46,3.28,2.71,0.9243239999999999,0.9243239999999999,0.9243242,249.8,-18.85,4.26,0.0,0.15,0.0,0.41,3503.0,0.09,4.184758828596038,13.5,34.0,11.504,7.5884,-26.6,1.394,2,1,0.304,-0.66,-0.12,1.59,0.37,1.0,0.73,0,1,0,1,mesoplanet
Kepler-283 c,Warm,Superterran,rocky-iron,metals-rich,1.18,2.14,1.97,0.898436,0.8984360999999998,0.8984360999999998,248.0,-18.36,3.45,0.0,0.34,0.0,0.62,4351.0,-0.26,4.184758828596038,13.4,534.0,19.5742,47.839,-26.6,0.8908,2,1,0.6459999999999999,-0.58,-0.14,0.69,0.52,0.85,0.79,0,1,0,1,mesoplanet
Kepler-1552 b,Warm,Superterran,rocky-iron,hydrogen-rich,1.68,4.14,3.2,1.105641,1.105641,1.105641,261.2,-19.25,4.68,0.0,0.6,0.0,0.85,5202.0,-0.06027140851661208,3.31,14.8,618.0,19.4451,38.8749,-26.8,0.6913,1,1,1.176,-0.68,-0.11,2.09,0.31,0.45,0.7,0,1,0,1,mesoplanet
Ross 128 b,Warm,Terran,rocky-iron,metals-rich,0.91,1.05,1.1,1.176261,1.474785,1.874486,298.1,-17.92,2.19,0.12,0.05,0.0,0.17,3192.0,-0.02,5.0,11.2,3.38,11.7957,0.8046,-27.2,2.1279,1,1,0.13,-0.99,-0.17,-0.46,0.48,0.21,0.86,0,1,0,1,mesoplanet
Kepler-1410 b,Warm,Superterran,rocky-iron,metals-rich,1.16,2.07,1.92,1.344376,1.344376,1.344376,274.3,-18.76,3.38,0.0,0.26,0.0,0.63,4092.0,-0.06027140851661208,4.07,15.8,367.0,19.3673,38.7435,-27.1,1.232,1,1,0.614,-0.91,-0.14,0.51,0.49,0.11,0.78,0,1,0,1,mesoplanet
GJ 180 b,Warm,Superterran,rocky-iron,metals-rich,1.22,2.32,2.09,0.9960187,1.234564,1.549138,284.2,-18.8,3.6,0.11,0.1,11.5,0.43,3371.0,-0.06027140851661208,4.184758828596038,10.9,11.69,4.8972,-17.7734,-27.0,1.745,2,2,0.244,-0.87,-0.14,0.74,0.46,0.41,0.75,0,1,0,0,mesoplanet
GJ 667 C c,Warm,Terran,rocky-iron,metals-rich,1.05,1.61,1.57,0.8427715,0.8769776,0.9129552,249.0,-17.97,2.92,0.02,0.12,292.0,0.33,3350.0,-0.55,2.0,10.2,6.8,17.3158,-34.9897,-26.6,1.4848,6,3,0.251,-0.62,-0.15,0.21,0.6,0.64,0.84,0,1,0,1,mesoplanet
Kepler-440 b,Warm,Superterran,rocky-iron,metals-rich,1.2,2.24,2.04,0.7514458,1.43441,3.096766,338.0,-18.99,3.54,0.34,0.23,0.0,0.57,4134.0,-0.3,1.3,8.3,261.0,19.0233,41.4522,-27.2,1.2857,1,1,0.5710000000000001,-0.89,-0.14,0.62,0.48,0.16,0.75,0,1,0,1,mesoplanet
HAT-P-57 b,Hot,Jovian,gas,metals-rich,0.15,2.35,6.1,3874.944,3874.944,3874.944,2010.1,-32.21,30.43,0.0,0.04,0.0,1.47,7500.0,-0.25,1.0,10.5,303.0,18.8161,10.5972,-35.7,19.7872,1,0,4.039,-2.5,11.67,0.9,0.08,0.0,0.06,0,0,0,1,non-habitable
Kepler-1212 b,Hot,Superterran,rocky-iron,metals-rich,1.38,2.96,2.52,128.3342,128.3342,128.3343,857.5,-24.13,4.07,0.0,0.11,0.0,1.1,6051.0,-0.06027140851661208,3.24,15.0,1304.0,19.7902,50.0374,-32.0,5.5068,1,0,2.1790000000000003,-2.31,-0.13,-0.07,0.3,0.0,0.26,0,0,0,1,non-habitable
Kepler-855 b,Hot,Jovian,gas,metals-rich,0.22,1.83,3.91,180.0094,180.0094,180.0094,933.2,-27.47,15.91,0.0,0.08,0.0,1.03,5835.0,-0.06027140851661208,4.17,15.0,1043.0,19.673,43.5376,-32.4,7.0154,1,0,1.848,-2.33,5.23,0.74,0.15,0.0,0.11,0,0,0,1,non-habitable
HD 219134 h,Cold,Jovian,gas,hydrogen-rich,0.21,1.57,3.44,0.01503039,0.03035738,0.07105786,131.5,-17.85,14.36,0.37,2.85,180.0,0.79,4699.0,0.11,4.184758828596038,5.6,6.55,23.2214,57.1683,-23.0,0.1457,6,0,1.0,8.16,4.77,4.66,0.09,0.0,0.2,0,0,0,1,non-habitable
Kepler-511 b,Hot,Jovian,gas,hydrogen-rich,0.2,1.27,2.84,1.890751,1.890751,1.890751,298.7,-21.9,12.09,0.0,0.87,0.0,1.0,5770.0,-0.06027140851661208,7.94,12.7,448.0,18.863,47.5749,-27.4,0.7348,1,0,2.117,-1.05,4.12,1.45,0.18,0.0,0.44,0,0,0,1,non-habitable
HD 149026 b,Hot,Jovian,gas,metals-rich,0.22,1.76,3.76,1561.265,1561.265,1561.265,1601.5,-29.74,15.33,0.0,0.04,0.0,1.3,6147.0,0.36,2.0,8.2,78.9,16.5081,38.3472,-34.8,18.6876,1,0,2.904,-2.45,5.04,0.09,0.15,0.0,0.1,1,0,0,1,non-habitable
Kepler-1334 b,Hot,Superterran,rocky-iron,metals-rich,1.5,3.43,2.8,51.33612,51.33613,51.33614,681.9,-23.27,4.34,0.0,0.12,0.0,0.94,5614.0,-0.06027140851661208,4.27,15.2,1047.0,19.2874,51.3209,-31.0,4.0455,1,0,1.541,-2.19,-0.12,0.34,0.31,0.0,0.27,0,0,0,1,non-habitable
Kepler-356 c,Hot,Superterran,rocky-iron,metals-rich,1.17,2.12,1.95,169.7811,169.7811,169.7811,919.6,-24.06,3.43,0.0,0.12,0.0,0.97,6133.0,-0.325,4.184758828596038,13.4,424.0,19.4947,37.6828,-32.3,6.1663,2,0,2.571,-2.34,-0.14,-0.48,0.29,0.0,0.27,0,0,0,1,non-habitable
HD 114729 b,Warm,Jovian,gas,hydrogen-rich,0.27,2.7,5.18,0.2607993,0.4795215,0.9824954,253.6,-21.44,18.98,0.32,1.97,73.0,0.93,5662.0,-0.22,4.58,6.7,35.0,13.2122,-31.8733,-26.0,0.3948,1,1,2.504,0.45,6.23,5.11,0.11,0.0,0.43,0,0,0,1,non-habitable
HD 11964 b,Warm,Jovian,gas,hydrogen-rich,0.24,2.28,4.61,0.2988957,0.3241674,0.3521816,196.3,-20.82,17.78,0.04,3.16,155.0,1.12,5248.0,0.17,9.56,6.4,33.98,1.9525,-10.2422,-25.5,0.368,2,1,3.332,0.82,5.82,4.69,0.12,0.0,0.38,1,0,0,1,non-habitable
Kepler-1539 b,Hot,Neptunian,gas,metals-rich,0.19,0.52,1.18,1.775764,1.775764,1.775765,294.1,-19.97,5.13,0.0,0.48,0.0,0.84,5176.0,-0.06027140851661208,4.79,15.3,788.0,18.948,44.2685,-27.4,0.885,1,0,1.197,-1.05,2.45,-0.4,0.27,0.0,0.62,0,0,0,1,non-habitable
Kepler-17 b,Hot,Jovian,gas,hydrogen-rich,0.25,3.61,7.28,1610.082,1645.78,1682.491,1631.7,-31.12,28.21,0.01,0.03,0.0,1.16,5781.0,0.26,1.78,14.0,800.0,19.8931,47.815,-34.8,21.7276,1,0,1.858,-2.43,10.8,1.76,0.08,0.0,0.06,0,0,0,1,non-habitable
Kepler-1194 b,Hot,Terran,rocky-iron,metals-rich,1.04,1.57,1.54,49.14446,49.14447,49.14447,674.5,-22.32,2.87,0.0,0.12,0.0,0.94,5590.0,-0.06027140851661208,4.79,14.1,616.0,19.4466,38.1453,-31.0,3.9922,1,0,1.548,-2.19,-0.15,-0.58,0.31,0.0,0.31,0,0,0,1,non-habitable
Kepler-329 b,Hot,Terran,rocky-iron,metals-rich,0.99,1.39,1.4,21.41171,21.41172,21.41172,548.0,-21.25,2.66,0.0,0.06,0.0,0.53,4257.0,-0.5720000000000001,4.184758828596038,13.4,424.0,19.9512,45.2274,-30.1,4.5441,2,0,0.569,-1.98,-0.16,-0.58,0.33,0.0,0.35,0,0,0,1,non-habitable
HD 10442 b,Warm,Jovian,gas,hydrogen-rich,0.46,5.22,7.68,0.8817024,1.092869,1.371338,275.7,-22.57,21.61,0.11,2.32,0.0,1.56,5034.0,0.11,4.184758828596038,7.8,424.0,1.6981,2.7044,-26.8,0.7388,1,1,4.595,-0.68,7.49,7.47,0.09,0.0,0.44,0,0,0,1,non-habitable
HATS-21 b,Hot,Jovian,gas,metals-rich,0.05,0.67,2.9,449.953,449.9531,449.9532,1173.4,-29.36,24.08,0.0,0.05,0.0,1.08,5695.0,0.3,2.3,12.2,286.0,18.6789,-58.4592,-33.4,11.6563,1,0,1.766,-2.38,9.94,-0.09,0.09,0.0,0.07,0,0,0,1,non-habitable
HD 1605 b,Hot,Jovian,gas,hydrogen-rich,0.29,2.94,5.47,2.606515,3.038025,3.562906,350.0,-23.46,19.47,0.08,1.48,26.6,1.31,4757.0,0.21,4.59,7.5,84.6,0.3422,30.9747,-27.9,1.3725,2,1,4.981,-1.38,6.41,4.04,0.11,0.0,0.37,0,0,0,1,non-habitable
beta Umi b,Hot,Jovian,gas,hydrogen-rich,1.22,14.21,12.88,165.7544,239.0416,357.7002,1108.0,-28.53,22.34,0.19,1.37,307.4,1.4,4126.0,-0.27,2.95,2.1,40.14,14.845,74.1556,-32.7,16.3629,1,0,43.627,-2.21,9.56,6.12,0.08,0.0,0.08,0,0,0,1,non-habitable
