P. Name,P. Zone Class,P. Mass Class,P. Composition Class,P. Atmosphere Class,P. Density (EU),P. Gravity (EU),P. Esc Vel (EU),P. SFlux Min (EU),P. SFlux Mean (EU),P. SFlux Max (EU),P. Teq Max (K),P. Mag,P. Appar Size (deg),P. Eccentricity,P. Mean Distance (AU),P. Omega (deg),S. Mass (SU),S. Teff (K),S. [Fe/H],S. Age (Gyrs),S. Appar Mag,S. Distance (pc),S. RA (hrs),S. DEC (deg),S. Mag from Planet,S. Size from Planet (deg),S. No. Planets,S. No. Planets HZ,S. Hab Zone Max (AU),P. HZD,P. HZC,P. HZA,P. HZI,P. SPH,P. ESI,S. HabCat,P. Habitable,P. Hab Moon,P. Confirmed,P. Habitable Class
GJ 163 c,Warm,Superterran,rocky-iron,metals-rich,1.19,2.17,1.99,0.5515569,0.6630019,0.804139,241.3,-18.05,3.48,0.09,0.12,235.4,0.4,3840.0,-0.06027140851661208,3.0,11.8,15.0,4.1544,-53.3736,-26.3,0.9881,3,1,0.212,-0.34,-0.14,0.81,0.53,0.08,0.73,0,1,0,1,psychroplanet
GJ 667 C e,Warm,Terran,rocky-iron,metals-rich,0.99,1.39,1.39,0.290249,0.3020295,0.3144201,190.8,-16.59,2.65,0.02,0.21,28.6,0.33,3350.0,-0.55,2.0,10.2,6.8,17.3158,-34.9897,-25.4,0.8714,6,3,0.251,0.51,-0.16,0.23,0.63,0.0,0.6,0,1,0,0,psychroplanet
GJ 667 C f,Warm,Terran,rocky-iron,metals-rich,0.99,1.39,1.39,0.5306531,0.5632069000000001,0.5983137,224.1,-17.28,2.65,0.03,0.16,103.0,0.33,3350.0,-0.55,2.0,10.2,6.8,17.3158,-34.9897,-26.1,1.19,6,3,0.251,-0.22,-0.16,0.08,0.78,0.0,0.77,0,1,0,0,psychroplanet
GJ 682 c,Warm,Superterran,rocky-iron,hydrogen-rich,1.24,2.37,2.13,0.3020603,0.3673006,0.45118450000000004,208.8,-17.51,3.64,0.1,0.18,320.9,0.27,3028.0,-0.06027140851661208,4.184758828596038,13.4,5.08,17.6177,-43.6808,-25.6,1.1831,2,1,0.232,0.23,-0.14,1.19,0.45,0.0,0.59,0,1,0,0,psychroplanet
GJ 3293 d,Warm,Superterran,rocky-iron,metals-rich,1.2,2.22,2.03,0.44768679999999994,0.5656049,0.7251003,235.1,-17.91,3.52,0.12,0.19,322.0,0.42,3466.0,0.02,4.184758828596038,12.0,17.9,4.4767,-25.1692,-26.1,1.1179,4,2,0.309,-0.21,-0.14,0.91,0.52,0.0,0.7,0,1,0,1,psychroplanet
HD 40307 g,Warm,Superterran,rocky-iron,metals-rich,1.18,2.15,1.98,0.3895282,0.6771687,1.285592,271.3,-18.1,3.45,0.29,0.57,91.2,0.77,4977.0,-0.31,1.2,7.2,12.8,5.9011,-60.0233,-26.4,0.6042,6,1,0.917,-0.15,-0.14,0.77,0.56,0.04,0.74,1,1,0,0,psychroplanet
Kapteyn b,Warm,Terran,rocky-iron,metals-rich,1.09,1.79,1.71,0.2900587,0.4342851,0.6803408000000001,231.4,-17.37,3.11,0.21,0.16,80.4,0.28,3550.0,-0.86,8.0,8.8,3.91,5.1947,-45.0183,-25.8,0.9409,2,1,0.232,0.12,-0.15,0.57,0.63,0.0,0.67,0,1,0,0,psychroplanet
Kepler-62 f,Warm,Terran,rocky-iron,metals-rich,1.0,1.41,1.41,0.388223,0.388223,0.388223,201.1,-16.89,2.68,0.0,0.72,0.0,0.69,4869.0,-0.21,7.0,14.0,368.0,18.8808,45.3499,-25.7,0.4676,5,2,0.857,0.45,-0.16,0.19,0.66,0.0,0.67,0,1,0,1,psychroplanet
Kepler-150 f,Warm,Superterran,gas,metals-rich,0.19,0.68,1.57,0.4927213,0.4927213,0.4927214,213.4,-19.22,6.92,0.0,1.24,0.0,0.63,5560.0,-0.136,4.184758828596038,13.4,973.0,19.2156,40.5209,-26.0,0.404,5,1,1.569,0.28,2.88,0.35,0.26,0.0,0.53,0,0,0,1,psychroplanet
Kepler-174 d,Warm,Superterran,rocky-iron,hydrogen-rich,1.42,3.1,2.6,0.42675159999999995,0.42675159999999995,0.42675169999999996,205.9,-17.95,4.15,0.0,0.68,0.0,0.68,4880.0,-0.556,4.184758828596038,13.4,360.0,19.1626,43.8321,-25.8,0.488,3,1,0.846,0.32,-0.13,1.77,0.36,0.0,0.61,0,1,0,1,psychroplanet
Kepler-296 f,Warm,Superterran,rocky-iron,metals-rich,1.15,2.01,1.87,0.2687829,0.3395788,0.4353369000000001,206.9,-17.22,3.33,0.12,0.28,0.0,0.45,3572.0,-0.12,4.2,10.1,226.0,19.1027,49.4373,-25.6,0.8155,5,2,0.34700000000000003,0.4,-0.14,0.86,0.51,0.0,0.6,0,1,0,1,psychroplanet
Kepler-442 b,Warm,Terran,rocky-iron,metals-rich,0.97,1.3,1.32,0.6466799,0.6999820999999999,0.7589214,237.8,-17.42,2.55,0.04,0.41,0.0,0.61,4402.0,-0.37,2.9,7.7,342.0,19.0244,39.2801,-26.3,0.7685,1,1,0.6809999999999999,-0.34,-0.16,-0.06,0.73,0.04,0.84,0,1,0,1,psychroplanet
Kepler-1229 b,Warm,Terran,rocky-iron,metals-rich,0.99,1.39,1.4,0.4901548,0.4901549,0.4901549,213.2,-17.13,2.66,0.0,0.31,0.0,0.54,3784.0,-0.06027140851661208,3.72,15.5,236.0,19.8324,46.9967,-26.0,0.8699,1,1,0.456,-0.03,-0.16,0.12,0.83,0.0,0.73,0,1,0,1,psychroplanet
Kepler-1652 b,Warm,Terran,rocky-iron,metals-rich,0.9,1.01,1.06,0.6504719,0.650472,0.6504722,228.8,-16.95,2.13,0.0,0.16,0.0,0.36,3482.0,-0.1,4.184758828596038,13.4,252.0,19.6244,49.9151,-26.3,1.1835,1,1,0.27,-0.35,-0.17,-0.37,0.65,0.0,0.85,0,1,0,1,psychroplanet
LHS 1140 b,Warm,Terran,rocky-iron,hydrogen-rich,2.26,3.23,2.15,0.23418049999999999,0.4071072,0.7728854000000001,238.9,-17.03,2.72,0.29,0.08,0.0,0.15,3131.0,-0.24,5.0,14.2,12.47,0.7497,-15.2714,-25.8,1.1837,1,1,0.118,0.18,-0.82,1.17,0.41,0.0,0.68,0,1,0,1,psychroplanet
Proxima Cen b,Warm,Terran,rocky-iron,metals-rich,0.9,1.01,1.07,0.6562118,0.6562118,0.6562119000000001,229.3,-16.96,2.13,0.0,0.05,0.0,0.12,3050.0,-0.06027140851661208,4.184758828596038,11.1,1.29,14.4953,-62.6794,-26.3,1.5493,1,1,0.086,-0.39,-0.17,-0.37,0.64,0.0,0.85,0,1,0,1,psychroplanet
TRAPPIST-1 e,Warm,Terran,rocky-iron,metals-rich,0.82,0.76,0.83,0.6544079,0.654408,0.6544082,229.1,-16.52,1.74,0.0,0.03,0.0,0.08,2550.0,0.04,0.5,18.8,12.1,23.1081,-5.0414,-26.3,2.2135,7,4,0.051,-0.42,-0.15,-0.67,0.56,0.0,0.85,0,1,0,1,psychroplanet
TRAPPIST-1 f,Warm,Terran,rocky-water,metals-rich,0.59,0.61,0.8,0.3772893,0.3772893,0.3772893,199.7,-16.2,1.98,0.0,0.04,0.0,0.08,2550.0,0.04,0.5,18.8,12.1,23.1081,-5.0414,-25.7,1.6807,7,4,0.051,0.14,0.27,-0.64,0.59,0.0,0.68,0,1,0,1,psychroplanet
Kepler-440 b,Warm,Superterran,rocky-iron,metals-rich,1.2,2.24,2.04,0.7514458,1.43441,3.096766,338.0,-18.99,3.54,0.34,0.23,0.0,0.57,4134.0,-0.3,1.3,8.3,261.0,19.0233,41.4522,-27.2,1.2857,1,1,0.5710000000000001,-0.89,-0.14,0.62,0.48,0.16,0.75,0,1,0,1,mesoplanet
GJ 832 c,Warm,Superterran,rocky-iron,metals-rich,1.12,1.89,1.79,0.9315085999999999,0.9886534,1.0502799999999999,257.9,-18.31,3.21,0.03,0.16,80.0,0.45,3472.0,-0.31,4.184758828596038,8.7,4.94,21.5594,-49.0089,-26.7,1.4679,2,1,0.342,-0.71,-0.15,0.44,0.54,0.98,0.81,1,1,0,1,mesoplanet
Kepler-443 b,Warm,Superterran,rocky-iron,hydrogen-rich,1.54,3.6,2.9,0.7188641,0.8910313,1.1180709999999998,262.0,-18.9,4.43,0.11,0.49,0.0,0.74,4723.0,-0.01,3.2,6.8,779.0,19.2407,49.9686,-26.6,0.7552,1,1,0.903,-0.53,-0.12,1.83,0.34,0.98,0.71,0,1,0,1,mesoplanet
GJ 180 c,Warm,Superterran,rocky-iron,metals-rich,1.16,2.04,1.9,0.6584886,0.785473,0.9446747999999999,251.2,-18.16,3.36,0.09,0.13,234.9,0.43,3371.0,-0.06027140851661208,4.184758828596038,10.9,11.69,4.8972,-17.7734,-26.5,1.3905,2,2,0.244,-0.53,-0.14,0.64,0.54,0.42,0.77,0,1,0,0,mesoplanet
Kepler-1540 b,Warm,Superterran,rocky-iron,hydrogen-rich,1.71,4.25,3.25,0.9229546999999999,0.9229549000000001,0.9229552,249.7,-19.07,4.73,0.0,0.44,0.0,0.74,4540.0,-0.06027140851661208,2.51,14.1,262.0,18.8896,41.2017,-26.6,0.8293,1,1,0.8390000000000001,-0.59,-0.11,2.25,0.3,0.99,0.7,0,1,0,1,mesoplanet
Wolf 1061 c,Warm,Terran,rocky-iron,metals-rich,1.03,1.53,1.51,1.128213,1.398419,1.754743,293.2,-18.42,2.83,0.11,0.09,37.0,0.25,3305.0,-0.09,4.184758828596038,10.1,4.29,16.505,-12.6626,-27.1,1.9321,3,1,0.225,-0.96,-0.15,0.02,0.51,0.17,0.82,0,1,0,1,mesoplanet
GJ 422 b,Warm,Superterran,rocky-iron,hydrogen-rich,1.28,2.53,2.24,0.6164305999999999,0.6804333,0.7529996999999999,237.3,-18.25,3.76,0.05,0.12,246.4,0.35,3323.0,-0.06027140851661208,4.184758828596038,11.5,12.67,11.2667,-56.4523,-26.3,1.3345,1,1,0.21,-0.41,-0.13,1.11,0.46,0.17,0.71,0,1,0,0,mesoplanet
GJ 273 b,Warm,Terran,rocky-iron,metals-rich,1.0,1.43,1.43,1.003524,1.220269,1.4989540000000001,281.9,-18.17,2.7,0.1,0.09,0.0,0.29,3382.0,0.09,4.184758828596038,9.9,3.8,7.4568,5.2258,-27.0,1.7227,2,1,0.215,-0.86,-0.16,-0.05,0.53,0.79,0.86,0,1,0,1,mesoplanet
Kepler-438 b,Warm,Terran,rocky-iron,metals-rich,0.9,1.01,1.06,1.298292,1.3779370000000002,1.46383,280.2,-17.77,2.13,0.03,0.17,0.0,0.54,3748.0,0.16,4.4,9.6,145.0,18.7764,41.9511,-27.1,1.4871,1,1,0.407,-0.94,-0.17,-0.49,0.48,0.5,0.88,0,1,0,1,mesoplanet
GJ 180 b,Warm,Superterran,rocky-iron,metals-rich,1.22,2.32,2.09,0.9960187,1.234564,1.549138,284.2,-18.8,3.6,0.11,0.1,11.5,0.43,3371.0,-0.06027140851661208,4.184758828596038,10.9,11.69,4.8972,-17.7734,-27.0,1.745,2,2,0.244,-0.87,-0.14,0.74,0.46,0.41,0.75,0,1,0,0,mesoplanet
Kepler-283 c,Warm,Superterran,rocky-iron,metals-rich,1.18,2.14,1.97,0.898436,0.8984360999999998,0.8984360999999998,248.0,-18.36,3.45,0.0,0.34,0.0,0.62,4351.0,-0.26,4.184758828596038,13.4,534.0,19.5742,47.839,-26.6,0.8908,2,1,0.6459999999999999,-0.58,-0.14,0.69,0.52,0.85,0.79,0,1,0,1,mesoplanet
K2-72 e,Warm,Terran,rocky-iron,metals-rich,0.99,1.39,1.4,1.461332,1.461332,1.461333,280.1,-18.32,2.66,0.0,0.12,0.0,0.41,3497.0,-0.06027140851661208,4.184758828596038,15.3,55.52,22.3081,-9.6124,-27.1,1.7588,4,1,0.311,-0.99,-0.16,-0.12,0.5,0.06,0.82,0,1,0,1,mesoplanet
Kepler-1552 b,Warm,Superterran,rocky-iron,hydrogen-rich,1.68,4.14,3.2,1.105641,1.105641,1.105641,261.2,-19.25,4.68,0.0,0.6,0.0,0.85,5202.0,-0.06027140851661208,3.31,14.8,618.0,19.4451,38.8749,-26.8,0.6913,1,1,1.176,-0.68,-0.11,2.09,0.31,0.45,0.7,0,1,0,1,mesoplanet
Kepler-705 b,Warm,Superterran,rocky-iron,hydrogen-rich,1.36,2.86,2.46,0.832599,0.8325992,0.8325992,243.4,-18.6,4.0,0.0,0.23,0.0,0.53,3722.0,-0.06027140851661208,3.89,15.8,251.0,19.3006,41.8121,-26.5,1.1719,1,1,0.443,-0.56,-0.13,1.31,0.41,0.79,0.74,0,1,0,1,mesoplanet
Kepler-298 d,Warm,Superterran,rocky-iron,hydrogen-rich,1.72,4.3,3.28,1.289531,1.289531,1.289532,271.5,-19.45,4.75,0.0,0.3,0.0,0.65,4465.0,-0.121,4.184758828596038,13.4,474.0,18.8693,48.8254,-27.0,1.0134,3,1,0.6859999999999999,-0.86,-0.11,2.11,0.3,0.0,0.68,0,1,0,1,mesoplanet
TRAPPIST-1 d,Warm,Subterran,rocky-iron,metals-rich,0.9,0.69,0.73,1.129725,1.129725,1.129725,262.7,-16.74,1.47,0.0,0.02,0.0,0.08,2550.0,0.04,0.5,18.8,12.1,23.1081,-5.0414,-26.9,2.9085,7,4,0.051,-0.84,-0.29,-0.86,0.45,0.9,0.9,0,1,0,1,mesoplanet
Kepler-296 e,Warm,Terran,rocky-iron,metals-rich,1.03,1.52,1.5,1.005184,1.2222879999999998,1.501434,282.0,-18.25,2.81,0.1,0.15,0.0,0.45,3572.0,-0.12,4.2,10.1,226.0,19.1027,49.4373,-27.0,1.5455,5,2,0.34700000000000003,-0.86,-0.16,0.04,0.53,0.75,0.85,0,1,0,1,mesoplanet
Kepler-1638 b,Warm,Superterran,rocky-iron,metals-rich,1.21,2.26,2.06,1.3873799999999998,1.3873799999999998,1.387381,276.5,-18.9,3.56,0.0,0.79,0.0,0.97,5710.0,-0.06027140851661208,4.37,14.8,879.0,19.6988,48.5244,-27.1,0.6427,1,1,1.65,-0.81,-0.14,0.66,0.49,0.02,0.76,0,1,0,1,mesoplanet
Kepler-569 b,Hot,Neptunian,gas,metals-rich,0.2,0.62,1.4,18.8025,18.8025,18.80251,530.5,-22.88,6.0,0.0,0.2,0.0,0.95,5616.0,-0.06027140851661208,4.9,14.1,645.0,18.9005,48.5526,-29.9,2.4462,1,0,1.5759999999999998,-2.02,2.59,-0.55,0.23,0.0,0.27,0,0,0,1,non-habitable
Kepler-144 b,Hot,Terran,rocky-iron,metals-rich,0.97,1.29,1.31,431.3505,431.3506,431.3507,1161.1,-24.42,2.53,0.0,0.07,0.0,1.03,6075.0,-0.326,4.184758828596038,13.4,424.0,18.7944,42.7755,-33.3,10.0251,2,0,2.363,-2.4,-0.16,-0.98,0.28,0.0,0.29,0,0,0,1,non-habitable
2M 0103-55(AB) b,Cold,Jovian,gas,hydrogen-rich,2.79,31.79,19.04,3.96E-06,3.96E-06,3.96E-06,11.4,-8.91,21.8,0.0,84.0,0.0,0.4,3840.0,-0.06027140851661208,0.03,13.4,47.2,1.06,-55.2656,-13.2,0.0024,1,0,0.34700000000000003,793.67,12.57,107.44,0.0,0.0,0.06,0,0,0,1,non-habitable
WASP-106 b,Hot,Jovian,gas,hydrogen-rich,0.34,4.14,7.1,473.2599,473.2599,473.2599,1188.3,-29.34,23.25,0.0,0.09,0.0,1.27,6000.0,-0.09,4.184758828596038,11.2,283.0,11.0953,-5.0794,-33.4,10.7671,1,0,3.4610000000000003,-2.4,8.24,2.25,0.1,0.0,0.08,0,0,0,1,non-habitable
Kepler-1317 b,Hot,Superterran,rocky-iron,metals-rich,1.06,1.65,1.6,2459.923,2459.923,2459.923,1794.2,-26.66,2.96,0.0,0.01,0.0,0.83,5144.0,-0.06027140851661208,4.79,15.2,734.0,19.4408,42.11600000000001,-35.2,33.8378,1,0,1.171,-2.39,-0.15,-1.0,0.28,0.0,0.28,0,0,0,1,non-habitable
Kepler-295 d,Hot,Terran,rocky-iron,metals-rich,0.98,1.33,1.34,19.42919,19.4292,19.4292,534.9,-21.07,2.58,0.0,0.19,0.0,0.82,5603.0,-0.332,4.184758828596038,13.4,424.0,19.0231,45.3678,-30.0,2.4982,3,0,1.519,-2.02,-0.16,-0.61,0.32,0.0,0.35,0,0,0,1,non-habitable
Kepler-171 d,Hot,Superterran,rocky-iron,metals-rich,1.22,2.31,2.09,12.89944,12.89944,12.89944,482.8,-21.36,3.6,0.0,0.22,0.0,0.94,5642.0,-0.151,4.184758828596038,13.4,424.0,19.7848,41.7555,-29.5,2.0075,3,0,1.433,-1.93,-0.14,0.11,0.34,0.0,0.36,0,0,0,1,non-habitable
Kepler-1639 b,Hot,Neptunian,gas,no-atmosphere,0.19,0.49,1.12,204.2065,204.2065,204.2066,963.1,-25.04,4.9,0.0,0.09,0.0,1.12,6150.0,-0.06027140851661208,3.16,14.5,1168.0,18.8712,48.8021,-32.5,6.7259,1,0,2.291,-2.35,2.42,-1.03,0.22,0.0,0.23,0,0,0,1,non-habitable
Kepler-186 c,Hot,Terran,rocky-iron,metals-rich,0.97,1.31,1.33,11.05997,11.05997,11.05997,464.6,-20.44,2.55,0.0,0.06,0.0,0.48,3788.0,-0.28,4.184758828596038,13.4,172.0,19.9102,43.955,-29.4,4.1244,5,1,0.423,-1.81,-0.16,-0.54,0.35,0.0,0.4,0,0,0,1,non-habitable
OGLE-2012-BLG-0950L b,Cold,Neptunian,gas,hydrogen-rich,0.2,1.11,2.5,0.01349039,0.01349039,0.01349039,86.8,-16.24,10.66,0.0,2.7,0.0,0.56,5500.0,-0.06027140851661208,4.184758828596038,13.4,3000.0,18.1346,-29.7316,-22.0,0.0685,1,0,0.568,13.96,3.73,3.45,0.06,0.0,0.22,0,0,0,1,non-habitable
Kepler-100 b,Hot,Terran,iron,metals-rich,3.31,4.32,2.37,344.6292,443.7721,581.3266,1251.0,-24.41,2.48,0.13,0.07,0.0,1.11,5825.0,0.02,6.5,13.4,310.34,19.4257,41.99,-33.4,11.1105,3,0,2.708,-2.38,-1.13,-0.39,0.27,0.0,0.29,0,0,0,1,non-habitable
Kepler-548 b,Hot,Jovian,,,0.85,1.6749999999999998,2.15,255.1597,255.1597,255.1597,1018.2,-28.64,22.93,0.0,0.05,0.0,0.93,5535.0,-0.06027140851661208,4.37,15.0,776.0,19.9937,45.4397,-32.8,9.2867,1,0,1.492,-2.34,3.7226917057902966,-0.1,0.21649868073878628,0.0,0.08,0,0,0,1,non-habitable
Kepler-1345 b,Hot,Superterran,rocky-iron,metals-rich,1.58,3.72,2.97,51.14316,51.14317,51.14318,681.3,-23.34,4.49,0.0,0.27,0.0,1.32,6449.0,-0.06027140851661208,2.24,13.8,1164.0,19.4985,46.0228,-31.0,3.0597,1,0,3.232,-2.22,-0.12,0.47,0.31,0.0,0.26,0,0,0,1,non-habitable
HAT-P-7 b,Hot,Jovian,gas,metals-rich,0.13,2.15,5.88,3834.345,3834.346,3834.346,2004.8,-32.23,30.83,0.0,0.04,0.0,1.51,6259.0,0.13,2.07,10.5,320.0,19.4831,47.9694,-35.7,28.4124,1,0,3.986,-2.47,11.83,0.81,0.08,0.0,0.06,0,0,0,1,non-habitable
Kepler-58 b,Hot,Neptunian,rocky-iron,hydrogen-rich,20.13,56.37,12.56,135.2354,135.2354,135.2354,868.8,-24.77,5.32,0.0,0.09,0.0,0.95,5843.0,-0.06027140851661208,4.184758828596038,15.3,424.0,19.7572,39.1153,-32.1,6.063,3,0,1.852,-2.31,-0.6,6.51,0.13,0.0,0.23,0,0,0,1,non-habitable
YZ Cet d,Hot,Terran,rocky-iron,metals-rich,0.89,0.97,1.03,2.268338,2.915344,3.81074,356.0,-18.53,2.06,0.13,0.03,0.0,0.13,3056.0,-0.26,4.0,12.1,3.6,1.2085,-16.9989,-27.9,3.2669,3,0,0.102,-1.34,-0.17,-0.64,0.4,0.0,0.65,0,0,0,1,non-habitable
Kepler-763 b,Hot,Terran,rocky-iron,no-atmosphere,0.93,1.14,1.18,944.5831,944.5833,944.5836,1412.4,-25.08,2.32,0.0,0.02,0.0,0.84,5166.0,-0.06027140851661208,4.79,15.7,902.0,19.4763,47.1574,-34.2,20.6,1,0,1.193,-2.37,-0.17,-1.12,0.28,0.0,0.29,0,0,0,1,non-habitable
Kepler-235 e,Hot,Superterran,rocky-iron,hydrogen-rich,1.45,3.21,2.67,1.960894,1.960894,1.960895,301.5,-19.65,4.22,0.0,0.21,0.0,0.59,4255.0,0.087,4.184758828596038,13.4,424.0,19.0719,39.2783,-27.5,1.3761,4,0,0.601,-1.15,-0.12,1.24,0.37,0.0,0.65,0,0,0,1,non-habitable
